account_number,amount
ACC-001,1937.5
ACC-002,1685.4166666666667
ACC-003,599.2666666666667
ACC-004,2350.0
ACC-005,2650.0
ACC-006,1200.0
ACC-007,1545.125
ACC-008,597.5
